name,sido,cl_name,url,reason,staff_urls,ignore_robots
365병원,경남,병원,http://www.masan365.co.kr/,홈페이지 접속 실패: robots.txt disallow,,
the큰병원,경남,병원,http://www.grandhospital.com,의료진 페이지 수집 실패 (모든 페이지 오류),,
거창적십자병원,경남,병원,http://www.rch.or.kr/geochang,홈페이지 접속 실패: HTTP 404,,
국립마산병원,경남,병원,http://www.nmh.go.kr,홈페이지 접속 실패: ConnectError: [Errno -2] Name or service not known,,
김해사랑병원,경남,병원,http://www.khsmc.co.kr,홈페이지 접속 실패: HTTP 403,,
더(the)큰병원,경남,병원,http://www.ghgrandhospital.com,홈페이지 접속 실패: ConnectError: [Errno -2] Name or service not known,,
베스트재활의학과병원,경남,병원,http://www.bestrmhosp.co.kr,홈페이지 접속 실패: ConnectTimeout: ,,
서울패미리병원,경남,병원,http://ilovecnams.qrsvc.com/,의료진 페이지에서 의사를 찾지 못함,,
서울패밀리병원,경남,병원,http://www.ilovecna.com/,홈페이지 접속 실패: ConnectError: [Errno -2] Name or service not known,,
의료법인 신의료재단 김해삼승병원,경남,병원,http://www.ghsamsung.com/index.asp,홈페이지 접속 실패: HTTP 403,,
의료법인승연의료재단 삼천포서울병원,경남,병원,http://www.3004sh.com,홈페이지 접속 실패: HTTP 403,,
의료법인아림의료재단에스지서경병원,경남,병원,http://www.seokyung.or.kr/,홈페이지 접속 실패: HTTP 400,,
의료법인한서의료재단 진영병원,경남,병원,http://www.hanseo.or.kr,의료진 페이지를 찾지 못함 (staff_urls 수동 지정 필요),,
진주복음병원,경남,병원,http://jghospital.co.kr,의료진 페이지에서 의사를 찾지 못함,,
홍익재활병원,경남,병원,http://www.pulip.org/hospital/hospital_info_01.htm,홈페이지 접속 실패: HTTP 404,,
경상국립대학교병원,경남,상급종합,https://www.gnuh.co.kr,의료진 페이지를 찾지 못함 (staff_urls 수동 지정 필요),,
학교법인성균관대학삼성창원병원,경남,상급종합,https://smc.skku.edu/smc/main/main.do?mId=1,홈페이지 접속 실패: ConnectTimeout: ,,
(의)환명의료재단 경상남도립김해노인전문병원,경남,요양병원,http://gimhaenoin.co.kr/,홈페이지 접속 실패: HTTP 403,,
경상남도립양산노인전문병원,경남,요양병원,http://www.gygh.co.kr,홈페이지 접속 실패: ConnectError: [Errno -2] Name or service not known,,
녹십자요양병원,경남,요양병원,http://www.noksipjahospital.com/,홈페이지 접속 실패: ConnectError: [Errno -2] Name or service not known,,
대민의료생활협동조합 온세상요양병원,경남,요양병원,http://www.gimhaehp.com/,홈페이지 접속 실패: ConnectError: [Errno -2] Name or service not known,,
시립창원요양병원,경남,요양병원,http://www.hyomind.co.kr,홈페이지 접속 실패: ConnectTimeout: ,,
용원휴요양병원,경남,요양병원,http://www.hueh.co.kr,홈페이지 접속 실패: robots.txt disallow,,
유천의료재단새롬재활요양병원,경남,요양병원,http://www.saeromhp.com,홈페이지 접속 실패: ConnectError: [SSL: DH_KEY_TOO_SMALL] dh key too small (_ssl.c:1010),,
의료법인 경림의료재단 고성요양병원,경남,요양병원,http://www.고성요양병원.com,의료진 페이지에서 의사를 찾지 못함,,
의료법인 덕산의료재단 한마음노인요양병원,경남,요양병원,http://www.4000hanmaeum.com/,홈페이지 접속 실패: robots.txt disallow,,
의료법인 송파의료재단 가야요양병원,경남,요양병원,http://www.gayacare.com/,의료진 페이지에서 의사를 찾지 못함,,
의료법인 오남의료재단 인제요양병원,경남,요양병원,http://조은삼계.com/,홈페이지 접속 실패: ConnectError: [Errno -2] Name or service not known,,
의료법인 인경의료재단 홍익요양병원,경남,요양병원,http://www.hyodo1004.com/,의료진 페이지에서 의사를 찾지 못함,,
의료법인 진주의료재단 진주노인요양병원,경남,요양병원,http://www.samsunghospital.net,홈페이지 접속 실패: ConnectError: [Errno -2] Name or service not known,,
의료법인 풍성의료재단 안정요양병원,경남,요양병원,https://pungsunghan.com,의료진 페이지에서 의사를 찾지 못함,,
의료법인 행복한의료재단 숲속요양병원,경남,요양병원,https://www.happymc.com/,홈페이지 접속 실패: robots.txt disallow,,
의료법인수의료재단 청솔요양병원,경남,요양병원,http://www.청솔요양병원.com,의료진 페이지에서 의사를 찾지 못함,,
의료법인정다운사람들의료재단정다운요양병원,경남,요양병원,http://www.jduhosp.com/,의료진 페이지를 찾지 못함 (staff_urls 수동 지정 필요),,
의료법인진주의료재단 경상남도립통영노인전문병원,경남,요양병원,http://gnsilver.com,의료진 페이지를 찾지 못함 (staff_urls 수동 지정 필요),,
의료법인태산의료재단 큰사랑요양병원,경남,요양병원,http://keunsaranghospital.com/,의료진 페이지를 찾지 못함 (staff_urls 수동 지정 필요),,
의료법인푸른솔의료재단 김해한솔재활요양병원,경남,요양병원,http://www.hmhansol.co.kr,홈페이지 접속 실패: ConnectError: [Errno -2] Name or service not known,,
청담요양병원,경남,요양병원,http://www.cdhospital.co.kr/main/index.php,의료진 페이지에서 의사를 찾지 못함,,
푸른요양병원,경남,요양병원,http://www.pureunhospital.com,홈페이지 접속 실패: ConnectError: [SSL: DH_KEY_TOO_SMALL] dh key too small (_ssl.c:1010),,
행복한요양병원,경남,요양병원,http://www.happy2008.co.kr,의료진 페이지에서 의사를 찾지 못함,,
양산병원,경남,정신병원,http://www.how2care.co.kr/,의료진 페이지를 찾지 못함 (staff_urls 수동 지정 필요),,
의료법인통영의료재단통영정신병원,경남,정신병원,http://tmh.kr/sub0/sub0.php?m=tyssh,홈페이지 접속 실패: HTTP 404,,
의료법인한길사랑의료재단현대사랑병원,경남,정신병원,http://www.hdsarang.com/,홈페이지 접속 실패: ConnectError: [Errno -2] Name or service not known,,
한사랑병원,경남,정신병원,https://www.dreamforone.co.kr/,의료진 페이지를 찾지 못함 (staff_urls 수동 지정 필요),,
경상남도마산의료원,경남,종합병원,http://www.mmc.or.kr,홈페이지 접속 실패: ConnectTimeout: ,,
근로복지공단 창원병원,경남,종합병원,http://www.kcomwel.or.kr/hospital/changwon/,홈페이지 접속 실패: HTTP 400,,
베데스다복음병원,경남,종합병원,http://www.bdsh.co.kr,의료진 페이지를 찾지 못함 (staff_urls 수동 지정 필요),,
의료법인 대우의료재단대우병원,경남,종합병원,http://www.dwho.or.kr,의료진 페이지에서 의사를 찾지 못함,,
의료법인 성념의료재단맑은샘병원,경남,종합병원,http://www.clearwell.kr/,의료진 페이지를 찾지 못함 (staff_urls 수동 지정 필요),,
의료법인갑을의료재단 갑을장유병원,경남,종합병원,http://www.kbhospital.com/,홈페이지 접속 실패: robots.txt disallow,,
의료법인석영의료재단창원제일종합병원,경남,종합병원,http://www.mjeilh.co.kr/,의료진 페이지 수집 실패 (모든 페이지 오류),,
의료법인합포의료재단에스엠지연세병원,경남,종합병원,http://www.mysh.co.kr/,홈페이지 접속 실패: ConnectError: [Errno -2] Name or service not known,,
의료법인환명의료재단 조은금강병원,경남,종합병원,http://www.ggmc.or.kr/,홈페이지 접속 실패: HTTP 403,,
창원한마음병원,경남,종합병원,http://www.hanheart.co.kr,홈페이지 접속 실패: HTTP 403,,
계명대학교 경주동산병원,경북,병원,http://kjds.or.kr/new/main/index.php,홈페이지 접속 실패: HTTP 403,,
봉화해성병원,경북,병원,https://bhhospital.co.kr/,의료진 페이지를 찾지 못함 (staff_urls 수동 지정 필요),,
상쾌한 항구병원,경북,병원,http://www.hang-mun.com/,홈페이지 접속 실패: HTTP 403,,
여성아이병원,경북,병원,http://www.women-i.co.kr,홈페이지 접속 실패: ConnectTimeout: ,,
울진군의료원,경북,병원,https://umc.or.kr/,의료진 페이지를 찾지 못함 (staff_urls 수동 지정 필요),,
의료법인대남의료재단청도대남병원,경북,병원,http://www.daenamhosp.co.kr,홈페이지 접속 실패: ConnectTimeout: ,,
의료법인청봉의료재단성누가병원,경북,병원,http://www.stluke.co.kr/,의료진 페이지에서 의사를 찾지 못함,,
의료법인현암의료재단 포항우리병원,경북,병원,http://pohang.wooridul.co.kr/,홈페이지 접속 실패: ConnectError: [Errno -2] Name or service not known,,
경상북도립김천노인전문요양병원,경북,요양병원,http://www.gimcheonhp.co.kr,홈페이지 접속 실패: ConnectError: [Errno -2] Name or service not known,,
경상북도립안동노인전문요양병원,경북,요양병원,http://www.andongyuri.co.kr,의료진 페이지를 찾지 못함 (staff_urls 수동 지정 필요),,
경주시립노인전문요양병원,경북,요양병원,http://www.kjho.co.kr,의료진 페이지에서 의사를 찾지 못함,,
구미시립노인요양병원,경북,요양병원,http://www.gumihosp.or.kr,의료진 페이지에서 의사를 찾지 못함,,
상주시립요양병원,경북,요양병원,http://www.sjsh.co.kr/,홈페이지 접속 실패: robots.txt disallow,,
서요양병원,경북,요양병원,https://seohospital.co.kr/,의료진 페이지를 찾지 못함 (staff_urls 수동 지정 필요),,
시립문경요양병원,경북,요양병원,http://mg.dhu.ac.kr/,홈페이지 접속 실패: HTTP 500,,
에스요양병원,경북,요양병원,http://www.gjfatima.com,홈페이지 접속 실패: ConnectError: [Errno -2] Name or service not known,,
영주시립노인전문요양병원,경북,요양병원,http://www.yjctm.com/,홈페이지 접속 실패: ConnectTimeout: ,,
영천요양병원,경북,요양병원,http://www.영천요양병원.com,의료진 페이지를 찾지 못함 (staff_urls 수동 지정 필요),,
의료법인 정암의료재단 윤성요양병원,경북,요양병원,http://www.yshosp.co.kr,홈페이지 접속 실패: ConnectError: [Errno -2] Name or service not known,,
의료법인 한백의료재단 구미아성요양병원,경북,요양병원,http://www.asungh.com/,의료진 페이지에서 의사를 찾지 못함,,
의료법인경북의료재단 경북요양병원,경북,요양병원,https://gbhospital.kr/new/index.php,의료진 페이지에서 의사를 찾지 못함,,
의료법인동오의료재단 도움요양병원,경북,요양병원,http://www.fatimabobath.co.kr/,홈페이지 접속 실패: ConnectError: [Errno -2] Name or service not known,,
의료법인동제의료재단 오차드요양병원,경북,요양병원,http://www.orchard21.co.kr/,홈페이지 접속 실패: ConnectError: [Errno -2] Name or service not known,,
의료법인무일의료재단 참좋은요양병원,경북,요양병원,http://hosp.tvbuddha.org,홈페이지 접속 실패: ConnectError: [Errno -2] Name or service not known,,
의료법인성제의료재단 성제요양병원,경북,요양병원,http://성제요양병원.한국,홈페이지 접속 실패: ConnectError: [Errno -2] Name or service not known,,
의료법인수성의료재단영남요양병원,경북,요양병원,http://www.ynsilver.co.kr/,홈페이지 접속 실패: HTTP 403,,
의료법인인덕의료재단 경도요양병원,경북,요양병원,http://www.gdrh.co.kr/,홈페이지 접속 실패: ConnectError: [Errno -2] Name or service not known,,
의료법인재효의료재단의성요양병원,경북,요양병원,http://www.usgh.co.kr/,의료진 페이지에서 의사를 찾지 못함,,
의료법인청암의료재단 포항송라요양병원,경북,요양병원,http://www.phsongrahp.com/,홈페이지 접속 실패: ConnectError: [Errno -2] Name or service not known,,
의료법인화암의료재단 간호나라요양병원,경북,요양병원,http://www.nnnara.com/,홈페이지 접속 실패: ConnectError: [Errno -2] Name or service not known,,
칠곡군립노인요양병원,경북,요양병원,http://www.chilgok8899.kr/,의료진 페이지를 찾지 못함 (staff_urls 수동 지정 필요),,
포항이요양병원,경북,요양병원,http://www.peh.co.kr/,홈페이지 접속 실패: robots.txt disallow,,
의료법인고산의료재단칠곡시몬병원,경북,정신병원,http://www.simonmh.co.kr/,의료진 페이지를 찾지 못함 (staff_urls 수동 지정 필요),,
의료법인성산의료재단새빛병원,경북,정신병원,http://www.새빛병원.com,의료진 페이지에서 의사를 찾지 못함,,
경상북도안동의료원,경북,종합병원,http://amc.or.kr,의료진 페이지를 찾지 못함 (staff_urls 수동 지정 필요),,
경상북도포항의료원,경북,종합병원,http://www.pmc.or.kr,의료진 페이지를 찾지 못함 (staff_urls 수동 지정 필요),,
구미강동병원,경북,종합병원,http://www.gumigd.co.kr,의료진 페이지에서 의사를 찾지 못함,,
상주적십자병원,경북,종합병원,http://sjrch.bz.co.kr,홈페이지 접속 실패: robots.txt disallow,,
안동성소병원,경북,종합병원,http://www.sungso.com,의료진 페이지에서 의사를 찾지 못함,,
영남대학교의과대학부속영천병원,경북,종합병원,http://yumc.ac.kr/yc/00_main/main.htm,홈페이지 접속 실패: HTTP 404,,
의료법인덕산의료재단김천제일병원,경북,종합병원,http://www.jeilh.com,의료진 페이지를 찾지 못함 (staff_urls 수동 지정 필요),,
의료법인동춘의료재단문경제일병원,경북,종합병원,http://www.mgjh.co.kr,홈페이지 접속 실패: HTTP 403,,
의료법인삼백의료재단상주성모병원,경북,종합병원,http://www.ssmh.co.kr,홈페이지 접속 실패: robots.txt disallow,,
의료법인한성재단포항세명기독병원,경북,종합병원,http://www.phgidok.com/,의료진 페이지에서 의사를 찾지 못함,,
포항성모병원,경북,종합병원,http://www.pohangsmh.co.kr/,의료진 페이지 수집 실패 (모든 페이지 오류),,
(의)서봉의료재단 보강병원,대구,병원,http://www.bogang.co.kr/,의료진 페이지를 찾지 못함 (staff_urls 수동 지정 필요),,
MS재건병원,대구,병원,http://www.msrhospital.kr,의료진 페이지를 찾지 못함 (staff_urls 수동 지정 필요),,
관문병원,대구,병원,https://www.gwanmun.com,의료진 페이지를 찾지 못함 (staff_urls 수동 지정 필요),,
광개토병원,대구,병원,http://www.burn119.com/,의료진 페이지를 찾지 못함 (staff_urls 수동 지정 필요),,
근로복지공단 대구병원,대구,병원,http://www.kcomwel.or.kr/hospital/daegu/index.jsp,홈페이지 접속 실패: HTTP 400,,
대구보건대학교병원,대구,병원,http://dhch.ac.kr/,의료진 페이지에서 의사를 찾지 못함,,
동인외과병원,대구,병원,http://www.dongins.com/index/,의료진 페이지에서 의사를 찾지 못함,,
리더스재활의학병원,대구,병원,http://www.leadersrehab.com/,의료진 페이지를 찾지 못함 (staff_urls 수동 지정 필요),,
무지개아동병원,대구,병원,http://www.rainbow365.net,의료진 페이지에서 의사를 찾지 못함,,
문성병원,대구,병원,http://www.munsung.co.kr/,의료진 페이지를 찾지 못함 (staff_urls 수동 지정 필요),,
분홍빛으로병원,대구,병원,http://www.mastopia.com,홈페이지 접속 실패: HTTP 403,,
성서병원,대구,병원,http://www.sshospital.co.kr,홈페이지 접속 실패: ConnectError: [Errno -2] Name or service not known,,
세민병원,대구,병원,http://www.seminhosp.co.kr/,의료진 페이지에서 의사를 찾지 못함,,
수성한미병원,대구,병원,http://hanmih.com,의료진 페이지를 찾지 못함 (staff_urls 수동 지정 필요),,
여성메디파크병원,대구,병원,http://www.md-park.co.kr,의료진 페이지를 찾지 못함 (staff_urls 수동 지정 필요),,
열린큰병원,대구,병원,http://www.bigos.co.kr,의료진 페이지를 찾지 못함 (staff_urls 수동 지정 필요),,
의료법인명문의료재단 대구기독병원,대구,병원,http://www.kidokh.com,의료진 페이지를 찾지 못함 (staff_urls 수동 지정 필요),,
의료법인상보의료재단 대구경상병원,대구,병원,http://www.dggshosp.co.kr,홈페이지 접속 실패: ConnectTimeout: ,,
척탑병원,대구,병원,http://www.topspine.co.kr/,홈페이지 접속 실패: ConnectTimeout: ,,
계명대학교동산병원,대구,상급종합,https://dongsan.dsmc.or.kr:49870/,의료진 페이지에서 의사를 찾지 못함,,
영남대학교병원,대구,상급종합,https://www.yumc.ac.kr,의료진 페이지에서 의사를 찾지 못함,,
달성요양병원,대구,요양병원,http://www.ds9988.co.kr,의료진 페이지에서 의사를 찾지 못함,,
대구광역시시지노인전문병원,대구,요양병원,http://www.yes-naebumo.or.kr,홈페이지 접속 실패: robots.txt disallow,,
아리채요양병원,대구,요양병원,http://www.arichae.co.kr,의료진 페이지에서 의사를 찾지 못함,,
의료법인 효민의료재단 대구큰사랑요양병원,대구,요양병원,http://www.bighospital.co.kr,홈페이지 접속 실패: HTTP 403,,
의료법인가창삼성의료재단 가창삼성요양병원,대구,요양병원,http://www.gcsh.co.kr/,홈페이지 접속 실패: HTTP 403,,
의료법인정목의료재단한패밀리요양병원,대구,요양병원,http://www.hanfamily.or.kr,의료진 페이지에서 의사를 찾지 못함,,
중앙요양병원,대구,요양병원,http://www.jahospital.co.kr,홈페이지 접속 실패: ConnectError: [Errno -2] Name or service not known,,
햇살요양병원,대구,요양병원,http://cafe.daum.net/hanguk100s,의료진 페이지를 찾지 못함 (staff_urls 수동 지정 필요),,
곽병원,대구,종합병원,http://www.kwakh.co.kr/,의료진 페이지를 찾지 못함 (staff_urls 수동 지정 필요),,
대구의료원,대구,종합병원,http://www.daegumc.co.kr,홈페이지 접속 실패: ConnectTimeout: ,,
의료법인구의료재단 구병원,대구,종합병원,http://www.gooh.co.kr,의료진 페이지를 찾지 못함 (staff_urls 수동 지정 필요),,
한국보훈복지의료공단 대구보훈병원,대구,종합병원,http://daegu.bohun.or.kr,의료진 페이지 수집 실패 (모든 페이지 오류),,
메드윌병원,부산,병원,http://www.medwill.co.kr,의료진 페이지에서 의사를 찾지 못함,,
미래로병원,부산,병원,http://www.mrro.co.kr,홈페이지 접속 실패: ConnectError: [Errno -3] Temporary failure in name resolution,,
미래병원,부산,병원,http://www.miraehos.co.kr,홈페이지 접속 실패: HTTP 403,,
부산미남병원,부산,병원,https://minamhospital.com/,홈페이지 접속 실패: HTTP 403,,
부산성모안과병원,부산,병원,http://www.sungmo.co.kr,의료진 페이지에서 의사를 찾지 못함,,
상쾌한병원,부산,병원,http://anorectum.com/main/main.php,홈페이지 접속 실패: ConnectError: [Errno -3] Temporary failure in name resolution,,
새우리병원,부산,병원,http://www.newoori.com,홈페이지 접속 실패: ConnectError: [Errno -2] Name or service not known,,
새항운병원,부산,병원,http://www.saehangun.com/,의료진 페이지에서 의사를 찾지 못함,,
순병원,부산,병원,http://www.soon-soon.com,홈페이지 접속 실패: ConnectError: [Errno -3] Temporary failure in name resolution,,
웰하이여성아동병원,부산,병원,http://www.okmiso.co.kr,홈페이지 접속 실패: ConnectError: [Errno -2] Name or service not known,,
의)청십자의료재단 행복한병원,부산,병원,http://happymc.co.kr/,홈페이지 접속 실패: ConnectError: [Errno -2] Name or service not known,,
의료법인 갑을의료재단 갑을녹산병원,부산,병원,http://www.bigmind.co.kr/bigmind.php,홈페이지 접속 실패: robots.txt disallow,,
의료법인 라움의료재단 세웅병원,부산,병원,http://www.sewoongh.co.kr/,의료진 페이지를 찾지 못함 (staff_urls 수동 지정 필요),,
의료법인 은빛의료재단 세하병원,부산,병원,http://se-ha.co.kr/,의료진 페이지를 찾지 못함 (staff_urls 수동 지정 필요),,
의료법인 인당의료재단 구포부민병원,부산,병원,http://www.bumin.co.kr/gupo,홈페이지 접속 실패: HTTP 404,,
의료법인고려의료재단부산고려병원,부산,병원,http://www.koreah.co.kr,홈페이지 접속 실패: robots.txt disallow,,
의료법인센텀의료재단 서부산센텀병원,부산,병원,http://www.centumhospital.com,홈페이지 접속 실패: robots.txt disallow,,
장림한서병원,부산,병원,http://www.janglimhanseo.com,의료진 페이지를 찾지 못함 (staff_urls 수동 지정 필요),,
정근안과병원,부산,병원,http://www.jlasik.co.kr,홈페이지 접속 실패: ConnectError: [Errno -2] Name or service not known,,
한마음병원,부산,병원,https://www.han1004.co.kr/,의료진 페이지를 찾지 못함 (staff_urls 수동 지정 필요),,
해운대나눔과행복병원,부산,병원,https://snh.or.kr/main/main.php,홈페이지 접속 실패: HTTP 403,,
광안정다운요양병원,부산,요양병원,http://www.xn--sy2btbu0l81m8hbmk.kr,홈페이지 접속 실패: ConnectError: [Errno -2] Name or service not known,,
금정형주요양병원,부산,요양병원,http://www.hjyoyang.co.kr/,홈페이지 접속 실패: ConnectError: [Errno -2] Name or service not known,,
남산정요양병원,부산,요양병원,http://www.nsj.or.kr,홈페이지 접속 실패: ConnectError: [Errno -2] Name or service not known,,
다사랑요양병원,부산,요양병원,http://cafe.daum.net/dsr.,의료진 페이지를 찾지 못함 (staff_urls 수동 지정 필요),,
보람요양병원,부산,요양병원,http://www.boram-hospital.co.kr/,홈페이지 접속 실패: ConnectError: [Errno -2] Name or service not known,,
부산노인전문제3병원,부산,요양병원,http://www.busangh.com/,의료진 페이지 수집 실패 (모든 페이지 오류),,
부산시노인전문제1병원,부산,요양병원,http://www.busangh.co.kr,홈페이지 접속 실패: ConnectTimeout: ,,
사랑요양병원,부산,요양병원,http://www.sarangmedicare.co.kr,의료진 페이지에서 의사를 찾지 못함,,
서울우리요양병원,부산,요양병원,http://wooriyoyang.kr,의료진 페이지에서 의사를 찾지 못함,,
센텀해인요양병원,부산,요양병원,http://centumhaein.com/,의료진 페이지를 찾지 못함 (staff_urls 수동 지정 필요),,
심당요양병원,부산,요양병원,http://www.simdang.co.kr/,홈페이지 접속 실패: ConnectError: [Errno -3] Temporary failure in name resolution,,
윌리스요양병원,부산,요양병원,http://www.willishospital.co.kr/,의료진 페이지를 찾지 못함 (staff_urls 수동 지정 필요),,
의)은성의료재단 좋은애인요양병원,부산,요양병원,http://www.aein.or.kr,홈페이지 접속 실패: HTTP 403,,
의료법인 다정의료재단 금산요양병원,부산,요양병원,http://cityhospital.kr,홈페이지 접속 실패: ConnectError: [Errno -2] Name or service not known,,
의료법인 동일의료재단 금정나라요양병원,부산,요양병원,http://naranetwork.net,홈페이지 접속 실패: ConnectError: [Errno -2] Name or service not known,,
의료법인 성원의료재단 감천참편한요양병원,부산,요양병원,http://www.champyonhan.com/,의료진 페이지에서 의사를 찾지 못함,,
의료법인 은빛의료재단 참사랑요양병원,부산,요양병원,http://www.cham-love.kr,의료진 페이지를 찾지 못함 (staff_urls 수동 지정 필요),,
의료법인강혜의료재단남천사랑의요양병원,부산,요양병원,http://insarang.or.kr/gnuboard4/,홈페이지 접속 실패: HTTP 404,,
의료법인나라의료재단 부산나라요양병원,부산,요양병원,http://jeil.naramef.com,홈페이지 접속 실패: ConnectError: [Errno -2] Name or service not known,,
의료법인백세의료재단백세요양병원,부산,요양병원,http://www.100sal.co.kr/main/main.htm,의료진 페이지를 찾지 못함 (staff_urls 수동 지정 필요),,
의료법인선우의료재단  BHS동래한서요양병원,부산,요양병원,http://www.dongnaehanseo.or.kr,의료진 페이지를 찾지 못함 (staff_urls 수동 지정 필요),,
의료법인은경의료재단 인창요양병원,부산,요양병원,http://www.silverslife.com,홈페이지 접속 실패: HTTP 403,,
의료법인은성의료재단 좋은사랑요양병원,부산,요양병원,http://www.goodsarang.kr,홈페이지 접속 실패: HTTP 403,,
의료법인전일의료재단한가족요양병원,부산,요양병원,http://www.onefm.co.kr,의료진 페이지를 찾지 못함 (staff_urls 수동 지정 필요),,
의료법인좋은사람들의료재단 관자재요양병원,부산,요양병원,http://ns.kjj9988.co.kr,의료진 페이지를 찾지 못함 (staff_urls 수동 지정 필요),,
의료법인지석의료재단 효성프라임요양병원,부산,요양병원,http://www.smartbusan.co.kr/~hyosung/,의료진 페이지를 찾지 못함 (staff_urls 수동 지정 필요),,
의료법인호산나의료재단현대요양병원,부산,요양병원,http://www.bshd.co.kr/,의료진 페이지를 찾지 못함 (staff_urls 수동 지정 필요),,
인제요양병원,부산,요양병원,http://www.injehosp.co.kr,의료진 페이지에서 의사를 찾지 못함,,
푸른숲요양병원,부산,요양병원,http://purunhospi.com,의료진 페이지에서 의사를 찾지 못함,,
현대요양병원,부산,요양병원,http://www.hdcare.co.kr/,의료진 페이지에서 의사를 찾지 못함,,
효메디요양병원,부산,요양병원,http://www.hyomedi.co.kr/,홈페이지 접속 실패: ConnectError: [Errno -2] Name or service not known,,
의료법인인본의료재단해운대자명병원,부산,정신병원,http://www.jmmh.co.kr/,홈페이지 접속 실패: ConnectError: [Errno -2] Name or service not known,,
대동병원,부산,종합병원,https://www.ddh.co.kr,홈페이지 접속 실패: HTTP 403,,
동남권원자력의학원원자력병원,부산,종합병원,https://www.dirams.re.kr/,의료진 페이지에서 의사를 찾지 못함,,
동래봉생병원,부산,종합병원,http://www.drbs.or.kr,의료진 페이지를 찾지 못함 (staff_urls 수동 지정 필요),,
삼육부산병원,부산,종합병원,http://www.bah.kr,의료진 페이지를 찾지 못함 (staff_urls 수동 지정 필요),,
영도병원,부산,종합병원,http://www.ydh.co.kr,의료진 페이지에서 의사를 찾지 못함,,
의료법인 광혜의료재단 광혜병원,부산,종합병원,http://www.gwanghyehospital.com,홈페이지 접속 실패: ConnectError: [SSL: DH_KEY_TOO_SMALL] dh key too small (_ssl.c:1010),,
의료법인 은성의료재단 좋은강안병원,부산,종합병원,http://gang-an.or.kr/index.php,홈페이지 접속 실패: HTTP 404,,
의료법인 은성의료재단 좋은삼선병원,부산,종합병원,http://www.samsun.or.kr,의료진 페이지를 찾지 못함 (staff_urls 수동 지정 필요),,
의료법인정화의료재단 봉생기념병원,부산,종합병원,http://www.bongseng.co.kr/index.asp,홈페이지 접속 실패: ConnectError: [Errno -2] Name or service not known,,
재단법인일신기독교선교회 일신기독병원,부산,종합병원,http://www.ilsin.or.kr,의료진 페이지를 찾지 못함 (staff_urls 수동 지정 필요),,
좋은문화병원,부산,종합병원,http://www.moonhwa.or.kr/,의료진 페이지에서 의사를 찾지 못함,,
학교법인)동의병원,부산,종합병원,http://www.demc.kr/,의료진 페이지를 찾지 못함 (staff_urls 수동 지정 필요),,
한국보훈복지의료공단 부산보훈병원,부산,종합병원,https://busan.bohun.or.kr/,의료진 페이지 수집 실패 (모든 페이지 오류),,
(의) 내경의료재단 울산제일병원,울산,병원,http://www.ujh.co.kr,의료진 페이지를 찾지 못함 (staff_urls 수동 지정 필요),,
(의)인석의료재단 보람병원,울산,병원,http://ulsan.imc-boram.co.kr/,의료진 페이지를 찾지 못함 (staff_urls 수동 지정 필요),,
에이치엠병원,울산,병원,http://www.hmhospital.com,의료진 페이지를 찾지 못함 (staff_urls 수동 지정 필요),,
울들병원,울산,병원,http://www.bestweare.com,홈페이지 접속 실패: ConnectError: [Errno -2] Name or service not known,,
울산미즈병원,울산,병원,http://www.ulsanmizhospital.co.kr/,의료진 페이지에서 의사를 찾지 못함,,
의)정우의료재단 더프라우병원,울산,병원,http://www.fraumedi.com,의료진 페이지에서 의사를 찾지 못함,,
의료법인 송은의료재단 울산시티2병원,울산,병원,http://www.cityhospital.co.kr/,의료진 페이지에서 의사를 찾지 못함,,
자재병원,울산,병원,http://www.jajae-hospital.com,홈페이지 접속 실패: ConnectError: [Errno -2] Name or service not known,,
학교법인 울산공업학원 울산대학교병원,울산,상급종합,https://www.uuh.ulsan.kr/main/main.asp,의료진 페이지에서 의사를 찾지 못함,,
고려요양병원,울산,요양병원,http://www.krhospital.co.kr,의료진 페이지에서 의사를 찾지 못함,,
상록수요양병원,울산,요양병원,http://www.sangnocsu.com/,홈페이지 접속 실패: HTTP 403,,
새생명요양병원,울산,요양병원,http://www.새생명요양병원.kr,의료진 페이지에서 의사를 찾지 못함,,
의)우아의료재단 달동길메리요양병원,울산,요양병원,http://gilmary2.co.kr/,의료진 페이지에서 의사를 찾지 못함,,
의료법인 우아의료재단 길메리요양병원,울산,요양병원,http://bgilmary.co.kr/,의료진 페이지를 찾지 못함 (staff_urls 수동 지정 필요),,
서울산보람병원,울산,종합병원,http://eunyang.imc-boram.co.kr/,의료진 페이지를 찾지 못함 (staff_urls 수동 지정 필요),,
울산병원,울산,종합병원,http://www.ush.kr,의료진 페이지를 찾지 못함 (staff_urls 수동 지정 필요),,
의료법인 동강의료재단 동강병원,울산,종합병원,http://www.dkmc.or.kr,의료진 페이지에서 의사를 찾지 못함,,
